<ImportExportXml xmlns:xsi="http://www.w3.org/2001/XMLSchema-instance">
  <Entities></Entities>
  <Roles></Roles>
  <Workflows></Workflows>
  <FieldSecurityProfiles></FieldSecurityProfiles>
  <Templates />
  <EntityMaps />
  <EntityRelationships />
  <OrganizationSettings />
  <optionsets />
  <CustomControls />
  <EntityDataProviders />
  <CanvasApps>
    <CanvasApp>
      <Name>biz_bizappscomponentlibrary_4237e</Name>
      <AppVersion>2022-07-19T15:08:50Z</AppVersion>
      <Status>Ready</Status>
      <CreatedByClientVersion>3.22064.18.0</CreatedByClientVersion>
      <MinClientVersion>3.22064.18.0</MinClientVersion>
      <Tags>{"primaryDeviceWidth":"640","primaryDeviceHeight":"1136","sienaVersion":"20220715T160225Z-3.22064.18.0","deviceCapabilities":"","supportsPortrait":"true","supportsLandscape":"true","primaryFormFactor":"Phone","publisherVersion":"3.22064.18","minimumRequiredApiVersion":"2.2.0","hasComponent":"true","hasUnlockedComponent":"true","isUnifiedRootApp":"false"}</Tags>
      <IsCdsUpgraded>0</IsCdsUpgraded>
      <GalleryItemId xsi:nil="true"></GalleryItemId>
      <BackgroundColor>RGBA(251,101,60,255)</BackgroundColor>
      <DisplayName>Biz Apps Component Library</DisplayName>
      <Description xsi:nil="true"></Description>
      <CommitMessage xsi:nil="true"></CommitMessage>
      <Publisher xsi:nil="true"></Publisher>
      <AuthorizationReferences>[]</AuthorizationReferences>
      <ConnectionReferences>{"0f00f53b-1034-4e38-ab43-cc8bd3361360":{"id":"/providers/microsoft.powerapps/apis/shared_office365users","displayName":"Office 365 Users","iconUri":"https://connectoricons-prod.azureedge.net/releases/v1.0.1587/1.0.1587.2924/office365users/icon.png","dataSources":["Office365Users"],"dependencies":[],"dependents":[],"parameterHints":{},"parameterHintsV2":{},"isOnPremiseConnection":false,"bypassConsent":false,"dataSets":{},"apiTier":"Standard","actions":["UserProfile_V2","UserProfile"]},"4930fdc6-5836-498d-9635-1e2b6563b081":{"id":"/providers/microsoft.powerapps/apis/shared_rss","displayName":"RSS","iconUri":"https://connectoricons-prod.azureedge.net/releases/v1.0.1567/1.0.1567.2748/rss/icon.png","dataSources":["RSS"],"dependencies":[],"dependents":[],"parameterHints":{},"parameterHintsV2":{},"isOnPremiseConnection":false,"bypassConsent":false,"dataSets":{},"apiTier":"Standard"}}</ConnectionReferences>
      <DatabaseReferences>{}</DatabaseReferences>
      <AppComponents>[{"appComponentName":"9f147b439ad74d6d85685b9433a532a5","displayName":"TopBanner","appName":"25454fab-a53f-47a7-87c1-d3039a0135d3","appVersion":"2022-07-19T15:08:50Z","appComponentLibraryLogicalName":"biz_bizappscomponentlibrary_4237e","appDisplayName":"Biz Apps Component Library","environmentName":"1ebecad7-b67f-41dc-ae55-bb58967f3787","owner":{"id":"92dcb065-8d89-4e84-a255-125ee1deb3c6","displayName":"Wells Zhang","email":"wellszha@microsoft.com","type":"User","tenantId":"72f988bf-86f1-41af-91ab-2d7cd011db47","userPrincipalName":"wellszha@microsoft.com"},"allowCustomization":false,"createdOn":"2022-02-06T12:07:38.902Z","lastModifiedOn":"2022-07-19T15:08:47.275Z","connectionReferences":{"0f00f53b-1034-4e38-ab43-cc8bd3361360":{"id":"/providers/microsoft.powerapps/apis/shared_office365users","dataSources":["Office365Users"],"dependencies":[],"dependents":[],"parameterHints":{},"parameterHintsV2":{},"isOnPremiseConnection":false,"dataSets":{},"actions":["UserProfile_V2","UserProfile"]},"4930fdc6-5836-498d-9635-1e2b6563b081":{"id":"/providers/microsoft.powerapps/apis/shared_rss","dataSources":["RSS"],"dependencies":[],"dependents":[],"parameterHints":{},"parameterHintsV2":{},"isOnPremiseConnection":false,"dataSets":{}}},"databaseReferences":{}},{"appComponentName":"63121e926c60429f81666740eb90b20b","displayName":"UserBottomPanel","appName":"25454fab-a53f-47a7-87c1-d3039a0135d3","appVersion":"2022-07-19T15:08:50Z","appComponentLibraryLogicalName":"biz_bizappscomponentlibrary_4237e","appDisplayName":"Biz Apps Component Library","environmentName":"1ebecad7-b67f-41dc-ae55-bb58967f3787","owner":{"id":"92dcb065-8d89-4e84-a255-125ee1deb3c6","displayName":"Wells Zhang","email":"wellszha@microsoft.com","type":"User","tenantId":"72f988bf-86f1-41af-91ab-2d7cd011db47","userPrincipalName":"wellszha@microsoft.com"},"allowCustomization":false,"createdOn":"2022-02-06T12:07:38.902Z","lastModifiedOn":"2022-07-19T15:08:47.275Z","connectionReferences":{"0f00f53b-1034-4e38-ab43-cc8bd3361360":{"id":"/providers/microsoft.powerapps/apis/shared_office365users","dataSources":["Office365Users"],"dependencies":[],"dependents":[],"parameterHints":{},"parameterHintsV2":{},"isOnPremiseConnection":false,"dataSets":{},"actions":["UserProfile_V2","UserProfile"]},"4930fdc6-5836-498d-9635-1e2b6563b081":{"id":"/providers/microsoft.powerapps/apis/shared_rss","dataSources":["RSS"],"dependencies":[],"dependents":[],"parameterHints":{},"parameterHintsV2":{},"isOnPremiseConnection":false,"dataSets":{}}},"databaseReferences":{}},{"appComponentName":"baf1314eee464a65871f04bb061c0834","displayName":"ImageButton","appName":"25454fab-a53f-47a7-87c1-d3039a0135d3","appVersion":"2022-07-19T15:08:50Z","appComponentLibraryLogicalName":"biz_bizappscomponentlibrary_4237e","appDisplayName":"Biz Apps Component Library","environmentName":"1ebecad7-b67f-41dc-ae55-bb58967f3787","owner":{"id":"92dcb065-8d89-4e84-a255-125ee1deb3c6","displayName":"Wells Zhang","email":"wellszha@microsoft.com","type":"User","tenantId":"72f988bf-86f1-41af-91ab-2d7cd011db47","userPrincipalName":"wellszha@microsoft.com"},"allowCustomization":false,"createdOn":"2022-02-06T12:07:38.902Z","lastModifiedOn":"2022-07-19T15:08:47.275Z","connectionReferences":{"0f00f53b-1034-4e38-ab43-cc8bd3361360":{"id":"/providers/microsoft.powerapps/apis/shared_office365users","dataSources":["Office365Users"],"dependencies":[],"dependents":[],"parameterHints":{},"parameterHintsV2":{},"isOnPremiseConnection":false,"dataSets":{},"actions":["UserProfile_V2","UserProfile"]},"4930fdc6-5836-498d-9635-1e2b6563b081":{"id":"/providers/microsoft.powerapps/apis/shared_rss","dataSources":["RSS"],"dependencies":[],"dependents":[],"parameterHints":{},"parameterHintsV2":{},"isOnPremiseConnection":false,"dataSets":{}}},"databaseReferences":{}},{"appComponentName":"038d1fa927a04356b7dc572ad6bb63f1","displayName":"Tab","appName":"25454fab-a53f-47a7-87c1-d3039a0135d3","appVersion":"2022-07-19T15:08:50Z","appComponentLibraryLogicalName":"biz_bizappscomponentlibrary_4237e","appDisplayName":"Biz Apps Component Library","environmentName":"1ebecad7-b67f-41dc-ae55-bb58967f3787","owner":{"id":"92dcb065-8d89-4e84-a255-125ee1deb3c6","displayName":"Wells Zhang","email":"wellszha@microsoft.com","type":"User","tenantId":"72f988bf-86f1-41af-91ab-2d7cd011db47","userPrincipalName":"wellszha@microsoft.com"},"allowCustomization":false,"createdOn":"2022-02-06T12:07:38.902Z","lastModifiedOn":"2022-07-19T15:08:47.275Z","connectionReferences":{"0f00f53b-1034-4e38-ab43-cc8bd3361360":{"id":"/providers/microsoft.powerapps/apis/shared_office365users","dataSources":["Office365Users"],"dependencies":[],"dependents":[],"parameterHints":{},"parameterHintsV2":{},"isOnPremiseConnection":false,"dataSets":{},"actions":["UserProfile_V2","UserProfile"]},"4930fdc6-5836-498d-9635-1e2b6563b081":{"id":"/providers/microsoft.powerapps/apis/shared_rss","dataSources":["RSS"],"dependencies":[],"dependents":[],"parameterHints":{},"parameterHintsV2":{},"isOnPremiseConnection":false,"dataSets":{}}},"databaseReferences":{}},{"appComponentName":"59aff2b6d2c441dcb266eefea26c64af","displayName":"GeneralTopBanner","appName":"25454fab-a53f-47a7-87c1-d3039a0135d3","appVersion":"2022-07-19T15:08:50Z","appComponentLibraryLogicalName":"biz_bizappscomponentlibrary_4237e","appDisplayName":"Biz Apps Component Library","environmentName":"1ebecad7-b67f-41dc-ae55-bb58967f3787","owner":{"id":"92dcb065-8d89-4e84-a255-125ee1deb3c6","displayName":"Wells Zhang","email":"wellszha@microsoft.com","type":"User","tenantId":"72f988bf-86f1-41af-91ab-2d7cd011db47","userPrincipalName":"wellszha@microsoft.com"},"allowCustomization":false,"createdOn":"2022-02-06T12:07:38.902Z","lastModifiedOn":"2022-07-19T15:08:47.275Z","connectionReferences":{"0f00f53b-1034-4e38-ab43-cc8bd3361360":{"id":"/providers/microsoft.powerapps/apis/shared_office365users","dataSources":["Office365Users"],"dependencies":[],"dependents":[],"parameterHints":{},"parameterHintsV2":{},"isOnPremiseConnection":false,"dataSets":{},"actions":["UserProfile_V2","UserProfile"]},"4930fdc6-5836-498d-9635-1e2b6563b081":{"id":"/providers/microsoft.powerapps/apis/shared_rss","dataSources":["RSS"],"dependencies":[],"dependents":[],"parameterHints":{},"parameterHintsV2":{},"isOnPremiseConnection":false,"dataSets":{}}},"databaseReferences":{}},{"appComponentName":"c2368fe708f74fbbb15d00650731b69e","displayName":"GeneralBottomPanel","appName":"25454fab-a53f-47a7-87c1-d3039a0135d3","appVersion":"2022-07-19T15:08:50Z","appComponentLibraryLogicalName":"biz_bizappscomponentlibrary_4237e","appDisplayName":"Biz Apps Component Library","environmentName":"1ebecad7-b67f-41dc-ae55-bb58967f3787","owner":{"id":"92dcb065-8d89-4e84-a255-125ee1deb3c6","displayName":"Wells Zhang","email":"wellszha@microsoft.com","type":"User","tenantId":"72f988bf-86f1-41af-91ab-2d7cd011db47","userPrincipalName":"wellszha@microsoft.com"},"allowCustomization":false,"createdOn":"2022-02-06T12:07:38.902Z","lastModifiedOn":"2022-07-19T15:08:47.275Z","connectionReferences":{"0f00f53b-1034-4e38-ab43-cc8bd3361360":{"id":"/providers/microsoft.powerapps/apis/shared_office365users","dataSources":["Office365Users"],"dependencies":[],"dependents":[],"parameterHints":{},"parameterHintsV2":{},"isOnPremiseConnection":false,"dataSets":{},"actions":["UserProfile_V2","UserProfile"]},"4930fdc6-5836-498d-9635-1e2b6563b081":{"id":"/providers/microsoft.powerapps/apis/shared_rss","dataSources":["RSS"],"dependencies":[],"dependents":[],"parameterHints":{},"parameterHintsV2":{},"isOnPremiseConnection":false,"dataSets":{}}},"databaseReferences":{}},{"appComponentName":"edb5131431de4722b54220796ffb6835","displayName":"TopPanelWithWaffle","appName":"25454fab-a53f-47a7-87c1-d3039a0135d3","appVersion":"2022-07-19T15:08:50Z","appComponentLibraryLogicalName":"biz_bizappscomponentlibrary_4237e","appDisplayName":"Biz Apps Component Library","environmentName":"1ebecad7-b67f-41dc-ae55-bb58967f3787","owner":{"id":"92dcb065-8d89-4e84-a255-125ee1deb3c6","displayName":"Wells Zhang","email":"wellszha@microsoft.com","type":"User","tenantId":"72f988bf-86f1-41af-91ab-2d7cd011db47","userPrincipalName":"wellszha@microsoft.com"},"allowCustomization":true,"createdOn":"2022-02-06T12:07:38.902Z","lastModifiedOn":"2022-07-19T15:08:47.275Z","connectionReferences":{"0f00f53b-1034-4e38-ab43-cc8bd3361360":{"id":"/providers/microsoft.powerapps/apis/shared_office365users","dataSources":["Office365Users"],"dependencies":[],"dependents":[],"parameterHints":{},"parameterHintsV2":{},"isOnPremiseConnection":false,"dataSets":{},"actions":["UserProfile_V2","UserProfile"]},"4930fdc6-5836-498d-9635-1e2b6563b081":{"id":"/providers/microsoft.powerapps/apis/shared_rss","dataSources":["RSS"],"dependencies":[],"dependents":[],"parameterHints":{},"parameterHintsV2":{},"isOnPremiseConnection":false,"dataSets":{}}},"databaseReferences":{}},{"appComponentName":"407bdd61b7d04898bd8727daf3be6a61","displayName":"Card","appName":"25454fab-a53f-47a7-87c1-d3039a0135d3","appVersion":"2022-07-19T15:08:50Z","appComponentLibraryLogicalName":"biz_bizappscomponentlibrary_4237e","appDisplayName":"Biz Apps Component Library","environmentName":"1ebecad7-b67f-41dc-ae55-bb58967f3787","owner":{"id":"92dcb065-8d89-4e84-a255-125ee1deb3c6","displayName":"Wells Zhang","email":"wellszha@microsoft.com","type":"User","tenantId":"72f988bf-86f1-41af-91ab-2d7cd011db47","userPrincipalName":"wellszha@microsoft.com"},"allowCustomization":false,"createdOn":"2022-02-06T12:07:38.902Z","lastModifiedOn":"2022-07-19T15:08:47.275Z","connectionReferences":{"0f00f53b-1034-4e38-ab43-cc8bd3361360":{"id":"/providers/microsoft.powerapps/apis/shared_office365users","dataSources":["Office365Users"],"dependencies":[],"dependents":[],"parameterHints":{},"parameterHintsV2":{},"isOnPremiseConnection":false,"dataSets":{},"actions":["UserProfile_V2","UserProfile"]},"4930fdc6-5836-498d-9635-1e2b6563b081":{"id":"/providers/microsoft.powerapps/apis/shared_rss","dataSources":["RSS"],"dependencies":[],"dependents":[],"parameterHints":{},"parameterHintsV2":{},"isOnPremiseConnection":false,"dataSets":{}}},"databaseReferences":{}},{"appComponentName":"5387a4c22af54075a6ea960e8d942df1","displayName":"GeneralCard","appName":"25454fab-a53f-47a7-87c1-d3039a0135d3","appVersion":"2022-07-19T15:08:50Z","appComponentLibraryLogicalName":"biz_bizappscomponentlibrary_4237e","appDisplayName":"Biz Apps Component Library","environmentName":"1ebecad7-b67f-41dc-ae55-bb58967f3787","owner":{"id":"92dcb065-8d89-4e84-a255-125ee1deb3c6","displayName":"Wells Zhang","email":"wellszha@microsoft.com","type":"User","tenantId":"72f988bf-86f1-41af-91ab-2d7cd011db47","userPrincipalName":"wellszha@microsoft.com"},"allowCustomization":false,"createdOn":"2022-02-06T12:07:38.902Z","lastModifiedOn":"2022-07-19T15:08:47.275Z","connectionReferences":{"0f00f53b-1034-4e38-ab43-cc8bd3361360":{"id":"/providers/microsoft.powerapps/apis/shared_office365users","dataSources":["Office365Users"],"dependencies":[],"dependents":[],"parameterHints":{},"parameterHintsV2":{},"isOnPremiseConnection":false,"dataSets":{},"actions":["UserProfile_V2","UserProfile"]},"4930fdc6-5836-498d-9635-1e2b6563b081":{"id":"/providers/microsoft.powerapps/apis/shared_rss","dataSources":["RSS"],"dependencies":[],"dependents":[],"parameterHints":{},"parameterHintsV2":{},"isOnPremiseConnection":false,"dataSets":{}}},"databaseReferences":{}},{"appComponentName":"1971400c430d42d2b1aa9d8bc26b7da0","displayName":"KPI Card","appName":"25454fab-a53f-47a7-87c1-d3039a0135d3","appVersion":"2022-07-19T15:08:50Z","appComponentLibraryLogicalName":"biz_bizappscomponentlibrary_4237e","appDisplayName":"Biz Apps Component Library","environmentName":"1ebecad7-b67f-41dc-ae55-bb58967f3787","owner":{"id":"92dcb065-8d89-4e84-a255-125ee1deb3c6","displayName":"Wells Zhang","email":"wellszha@microsoft.com","type":"User","tenantId":"72f988bf-86f1-41af-91ab-2d7cd011db47","userPrincipalName":"wellszha@microsoft.com"},"allowCustomization":true,"createdOn":"2022-02-06T12:07:38.902Z","lastModifiedOn":"2022-07-19T15:08:47.275Z","connectionReferences":{"0f00f53b-1034-4e38-ab43-cc8bd3361360":{"id":"/providers/microsoft.powerapps/apis/shared_office365users","dataSources":["Office365Users"],"dependencies":[],"dependents":[],"parameterHints":{},"parameterHintsV2":{},"isOnPremiseConnection":false,"dataSets":{},"actions":["UserProfile_V2","UserProfile"]},"4930fdc6-5836-498d-9635-1e2b6563b081":{"id":"/providers/microsoft.powerapps/apis/shared_rss","dataSources":["RSS"],"dependencies":[],"dependents":[],"parameterHints":{},"parameterHintsV2":{},"isOnPremiseConnection":false,"dataSets":{}}},"databaseReferences":{}},{"appComponentName":"358a94f082174377b669900514930a86","displayName":"UserProfileCard","appName":"25454fab-a53f-47a7-87c1-d3039a0135d3","appVersion":"2022-07-19T15:08:50Z","appComponentLibraryLogicalName":"biz_bizappscomponentlibrary_4237e","appDisplayName":"Biz Apps Component Library","environmentName":"1ebecad7-b67f-41dc-ae55-bb58967f3787","owner":{"id":"92dcb065-8d89-4e84-a255-125ee1deb3c6","displayName":"Wells Zhang","email":"wellszha@microsoft.com","type":"User","tenantId":"72f988bf-86f1-41af-91ab-2d7cd011db47","userPrincipalName":"wellszha@microsoft.com"},"allowCustomization":true,"createdOn":"2022-02-06T12:07:38.902Z","lastModifiedOn":"2022-07-19T15:08:47.275Z","connectionReferences":{"0f00f53b-1034-4e38-ab43-cc8bd3361360":{"id":"/providers/microsoft.powerapps/apis/shared_office365users","dataSources":["Office365Users"],"dependencies":[],"dependents":[],"parameterHints":{},"parameterHintsV2":{},"isOnPremiseConnection":false,"dataSets":{},"actions":["UserProfile_V2","UserProfile"]},"4930fdc6-5836-498d-9635-1e2b6563b081":{"id":"/providers/microsoft.powerapps/apis/shared_rss","dataSources":["RSS"],"dependencies":[],"dependents":[],"parameterHints":{},"parameterHintsV2":{},"isOnPremiseConnection":false,"dataSets":{}}},"databaseReferences":{}},{"appComponentName":"db0c539aa39f4254a16cbcb3053024a5","displayName":"SearchBar","appName":"25454fab-a53f-47a7-87c1-d3039a0135d3","appVersion":"2022-07-19T15:08:50Z","appComponentLibraryLogicalName":"biz_bizappscomponentlibrary_4237e","appDisplayName":"Biz Apps Component Library","environmentName":"1ebecad7-b67f-41dc-ae55-bb58967f3787","owner":{"id":"92dcb065-8d89-4e84-a255-125ee1deb3c6","displayName":"Wells Zhang","email":"wellszha@microsoft.com","type":"User","tenantId":"72f988bf-86f1-41af-91ab-2d7cd011db47","userPrincipalName":"wellszha@microsoft.com"},"allowCustomization":true,"createdOn":"2022-02-06T12:07:38.902Z","lastModifiedOn":"2022-07-19T15:08:47.275Z","connectionReferences":{"0f00f53b-1034-4e38-ab43-cc8bd3361360":{"id":"/providers/microsoft.powerapps/apis/shared_office365users","dataSources":["Office365Users"],"dependencies":[],"dependents":[],"parameterHints":{},"parameterHintsV2":{},"isOnPremiseConnection":false,"dataSets":{},"actions":["UserProfile_V2","UserProfile"]},"4930fdc6-5836-498d-9635-1e2b6563b081":{"id":"/providers/microsoft.powerapps/apis/shared_rss","dataSources":["RSS"],"dependencies":[],"dependents":[],"parameterHints":{},"parameterHintsV2":{},"isOnPremiseConnection":false,"dataSets":{}}},"databaseReferences":{}}]</AppComponents>
      <AppComponentDependencies>[]</AppComponentDependencies>
      <CanConsumeAppPass>1</CanConsumeAppPass>
      <CanvasAppType>1</CanvasAppType>
      <BypassConsent>0</BypassConsent>
      <AdminControlBypassConsent>0</AdminControlBypassConsent>
      <EmbeddedApp xsi:nil="true"></EmbeddedApp>
      <IntroducedVersion>1.0</IntroducedVersion>
      <CdsDependencies>{"cdsdependencies":[]}</CdsDependencies>
      <IsCustomizable>1</IsCustomizable>
      <BackgroundImageUri>/CanvasApps/biz_bizappscomponentlibrary_4237e_BackgroundImageUri</BackgroundImageUri>
      <DocumentUri>/CanvasApps/biz_bizappscomponentlibrary_4237e_DocumentUri.msapp</DocumentUri>
    </CanvasApp>
  </CanvasApps>
  <Languages>
    <Language>1033</Language>
  </Languages>
</ImportExportXml>